#nai_id,ped,cal_const
0,1,0.0472569
1,1,0.0496189
2,1,0.0474831
3,1,0.0496689
4,1,0.0467578
5,1,0.0555299
6,1,0.0508642
