#nai_id,ped,cal_const
0,1,0.055666
1,1,0.0533441
2,1,0.0514795
3,1,0.0532257
4,1,0.0527192
5,1,0.0556198
6,1,0.0578967
